-- phpMyAdmin SQL Dump
-- version 5.2.1
-- https://www.phpmyadmin.net/
--
-- Host: 127.0.0.1
-- Generation Time: Apr 01, 2024 at 08:45 PM
-- Server version: 10.4.32-MariaDB
-- PHP Version: 8.2.12

SET SQL_MODE = "NO_AUTO_VALUE_ON_ZERO";
START TRANSACTION;
SET time_zone = "+00:00";


/*!40101 SET @OLD_CHARACTER_SET_CLIENT=@@CHARACTER_SET_CLIENT */;
/*!40101 SET @OLD_CHARACTER_SET_RESULTS=@@CHARACTER_SET_RESULTS */;
/*!40101 SET @OLD_COLLATION_CONNECTION=@@COLLATION_CONNECTION */;
/*!40101 SET NAMES utf8mb4 */;

--
-- Database: `eventplanner`
--

-- --------------------------------------------------------

--
-- Table structure for table `event_category`
--

CREATE TABLE `event_category` (
  `id` int(11) NOT NULL,
  `name` varchar(255) DEFAULT NULL
) ENGINE=InnoDB DEFAULT CHARSET=utf8mb4 COLLATE=utf8mb4_general_ci;

--
-- Dumping data for table `event_category`
--

INSERT INTO `event_category` (`id`, `name`) VALUES
(1, 'birthday'),
(2, 'wedding');

-- --------------------------------------------------------

--
-- Table structure for table `event_info`
--

CREATE TABLE `event_info` (
  `id` int(11) NOT NULL,
  `organizer_id` int(11) DEFAULT NULL,
  `event_category_id` int(11) DEFAULT NULL,
  `name` varchar(255) DEFAULT NULL,
  `event_date` date DEFAULT NULL,
  `event_time` time DEFAULT NULL,
  `description` varchar(1024) DEFAULT NULL,
  `no_visitor` int(11) DEFAULT NULL,
  `price_per_person` float NOT NULL,
  `no_meals` int(11) NOT NULL,
  `meal_price` float NOT NULL,
  `no_drinks` int(11) NOT NULL,
  `drink_price` float NOT NULL
) ENGINE=InnoDB DEFAULT CHARSET=utf8mb4 COLLATE=utf8mb4_general_ci;

--
-- Dumping data for table `event_info`
--

INSERT INTO `event_info` (`id`, `organizer_id`, `event_category_id`, `name`, `event_date`, `event_time`, `description`, `no_visitor`, `price_per_person`, `no_meals`, `meal_price`, `no_drinks`, `drink_price`) VALUES
(1, 6, 1, 'Rawand birthday', '2024-03-06', '18:09:00', 'Welcome all.', 400, 10, 350, 15, 350, 3),
(11, 42, 1, 'ewtr', '2024-03-06', '10:17:13', 'sss', 3000, 5000, 4000, 2, 2000, 1),
(12, 42, 1, 'Rfdssdfsdxf', '2024-04-09', '20:00:00', 'sfdsgdfhfgjhgjghdg', 300, 2, 1000, 1, 700, 2),
(13, 42, 2, 'WWWWW', '2024-03-31', '15:00:00', 'sadsad', 100, 3, 90, 1, 130, 1),
(14, 42, 1, 'RRRR', '2024-03-31', '07:00:00', 'RRRRRRRRRRRRRRRRR', 600, 1, 900, 2, 1000, 1),
(15, 42, 1, 'YYYYYYY', '2024-03-31', '09:30:00', 'erwsf', 55, 1, 66, 1, 88, 1),
(16, 42, 1, 'Test', '2024-04-15', '10:30:00', 'Hello', 1300, 2.5, 1100, 1.5, 1700, 1),
(17, 42, 1, 'Test', '2024-04-15', '10:30:00', 'Hello', 1300, 2.5, 1100, 1.5, 1700, 1),
(18, 42, 1, 'Test', '2024-04-15', '10:30:00', 'Hello', 1300, 2.5, 1100, 1.5, 1700, 1),
(19, 42, 1, 'Test', '2024-04-15', '10:30:00', 'Hello', 1300, 2.5, 1100, 1.5, 1700, 1),
(20, 42, 1, 'Test', '2024-04-15', '10:30:00', 'Hello', 1300, 2.5, 1100, 1.5, 1700, 1),
(21, 42, 1, 'Test', '2024-04-15', '10:30:00', 'Hello', 1300, 2.5, 1100, 1.5, 1700, 1),
(22, 42, 1, 'Test', '2024-04-15', '10:30:00', 'Hello', 1300, 2.5, 1100, 1.5, 1700, 1),
(23, 42, 1, 'Test', '2024-04-15', '10:30:00', 'Hello', 1300, 2.5, 1100, 1.5, 1700, 1),
(24, 42, 1, 'Test', '2024-04-15', '10:30:00', 'Hello', 1300, 2.5, 1100, 1.5, 1700, 1),
(25, 42, 1, 'Test', '2024-04-15', '10:30:00', 'Hello', 1300, 2.5, 1100, 1.5, 1700, 1),
(26, 42, 1, 'Test', '2024-04-15', '10:30:00', 'Hello', 1300, 2.5, 1100, 1.5, 1700, 1),
(27, 42, 1, 'Test', '2024-04-15', '10:30:00', 'Hello', 1300, 2.5, 1100, 1.5, 1700, 1),
(28, 42, 1, 'Test', '2024-04-15', '10:30:00', 'Hello', 1300, 2.5, 1100, 1.5, 1700, 1),
(29, 42, 1, 'Test', '2024-04-15', '10:30:00', 'Hello', 1300, 2.5, 1100, 1.5, 1700, 1),
(30, 42, 1, 'Test', '2024-04-15', '10:30:00', 'Hello', 1300, 2.5, 1100, 1.5, 1700, 1),
(31, 42, 1, 'Test', '2024-04-15', '10:30:00', 'Hello', 1300, 2.5, 1100, 1.5, 1700, 1),
(32, 42, 1, 'Test', '2024-04-15', '10:30:00', 'Hello', 1300, 2.5, 1100, 1.5, 1700, 1),
(33, 42, 1, 'Test', '2024-04-15', '10:30:00', 'Hello', 1300, 2.5, 1100, 1.5, 1700, 1),
(34, 42, 1, 'Test', '2024-04-15', '10:30:00', 'Hello', 1300, 2.5, 1100, 1.5, 1700, 1),
(35, 42, 1, 'Test', '2024-04-15', '10:30:00', 'Hello', 1300, 2.5, 1100, 1.5, 1700, 1),
(36, 42, 1, 'Test', '2024-04-15', '10:30:00', 'Hello', 1300, 2.5, 1100, 1.5, 1700, 1),
(37, 42, 1, 'Test', '2024-04-15', '10:30:00', 'Hello', 1300, 2.5, 1100, 1.5, 1700, 1),
(38, 42, 1, 'Test', '2024-04-15', '10:30:00', 'Hello', 1300, 2.5, 1100, 1.5, 1700, 1),
(39, 42, 1, 'Test', '2024-04-15', '10:30:00', 'Hello', 1300, 2.5, 1100, 1.5, 1700, 1),
(40, 42, 1, 'Test', '2024-04-15', '10:30:00', 'Hello', 1300, 2.5, 1100, 1.5, 1700, 1),
(41, 42, 1, 'Test', '2024-04-15', '10:30:00', 'Hello', 1300, 2.5, 1100, 1.5, 1700, 1),
(42, 42, 1, 'Test', '2024-04-15', '10:30:00', 'Hello', 1300, 2.5, 1100, 1.5, 1700, 1),
(43, 42, 1, 'Test', '2024-04-15', '10:30:00', 'Hello', 1300, 2.5, 1100, 1.5, 1700, 1),
(44, 42, 1, 'Test', '2024-04-15', '10:30:00', 'Hello', 1300, 2.5, 1100, 1.5, 1700, 1),
(45, 42, 1, 'Test', '2024-04-15', '10:30:00', 'Hello', 1300, 2.5, 1100, 1.5, 1700, 1),
(46, 42, 1, 'Test', '2024-04-15', '10:30:00', 'Hello', 1300, 2.5, 1100, 1.5, 1700, 1),
(47, 42, 1, 'Test', '2024-04-15', '10:30:00', 'Hello', 1300, 2.5, 1100, 1.5, 1700, 1),
(48, 42, 1, 'Test', '2024-04-15', '10:30:00', 'Hello', 1300, 2.5, 1100, 1.5, 1700, 1),
(49, 42, 1, 'Test', '2024-04-15', '10:30:00', 'Hello', 1300, 2.5, 1100, 1.5, 1700, 1),
(50, 42, 1, 'Test', '2024-04-15', '10:30:00', 'Hello', 1300, 2.5, 1100, 1.5, 1700, 1),
(51, 42, 1, 'Test', '2024-04-15', '10:30:00', 'Hello', 1300, 2.5, 1100, 1.5, 1700, 1),
(52, 42, 1, 'Test', '2024-04-15', '10:30:00', 'Hello', 1300, 2.5, 1100, 1.5, 1700, 1),
(53, 42, 1, 'Test', '2024-04-15', '10:30:00', 'Hello', 1300, 2.5, 1100, 1.5, 1700, 1),
(54, 42, 1, 'Test', '2024-04-15', '10:30:00', 'Hello', 1300, 2.5, 1100, 1.5, 1700, 1),
(55, 42, 1, 'Test', '2024-04-15', '10:30:00', 'Hello', 1300, 2.5, 1100, 1.5, 1700, 1),
(56, 42, 1, 'Test', '2024-04-15', '10:30:00', 'Hello', 1300, 2.5, 1100, 1.5, 1700, 1),
(57, 42, 1, 'Test', '2024-04-15', '10:30:00', 'Hello', 1300, 2.5, 1100, 1.5, 1700, 1),
(58, 42, 1, 'Test', '2024-04-15', '10:30:00', 'Hello', 1300, 2.5, 1100, 1.5, 1700, 1),
(59, 42, 1, 'Test', '2024-04-15', '10:30:00', 'Hello', 1300, 2.5, 1100, 1.5, 1700, 1);

-- --------------------------------------------------------

--
-- Table structure for table `event_meta`
--

CREATE TABLE `event_meta` (
  `id` int(11) NOT NULL,
  `event_info_id` int(11) DEFAULT NULL,
  `link` varchar(1024) DEFAULT NULL,
  `type` int(11) DEFAULT NULL
) ENGINE=InnoDB DEFAULT CHARSET=utf8mb4 COLLATE=utf8mb4_general_ci;

--
-- Dumping data for table `event_meta`
--

INSERT INTO `event_meta` (`id`, `event_info_id`, `link`, `type`) VALUES
(7, 11, 'SSSSSSSSSS', 1),
(8, 11, 'ABC.png', 1),
(9, 11, 'ABC.png', 1),
(10, 11, 'ABC.png', 1),
(11, 11, 'ABC.png', 1),
(12, 11, 'ABC.png', 1),
(13, 11, 'ABC.png', 1),
(14, 11, 'ABC.png', 1),
(15, 11, 'ABC.png', 1),
(16, 11, 'ABC.png', 1),
(17, 11, 'ABC.png', 1),
(18, 11, 'ABC.png', 1),
(19, 11, 'ABC.png', 1),
(20, 11, 'ABC.png', 1),
(21, 11, 'ABC.png', 1),
(22, 11, 'ABC.png', 1),
(23, 11, 'ABC.png', 1),
(24, 11, 'ABC.png', 1),
(25, 11, 'ABC.png', 1),
(26, 11, 'ABC.png', 1),
(27, 11, 'ABC.png', 1),
(28, 11, 'ABC.png', 1),
(29, 11, 'ABC.png', 1),
(30, 11, 'ABC.png', 1),
(31, 11, 'ABC.png', 1),
(32, 11, 'ABC.png', 1),
(33, 11, 'ABC.png', 1),
(34, 11, 'ABC.png', 1),
(35, 11, 'ABC.png', 1),
(36, 11, 'ABC.png', 1),
(37, 11, 'ABC.png', 1),
(38, 11, 'ABC.png', 1),
(39, 11, 'ABC.png', 1),
(40, 11, 'ABC.png', 1);

-- --------------------------------------------------------

--
-- Table structure for table `event_place_order`
--

CREATE TABLE `event_place_order` (
  `id` int(11) NOT NULL,
  `event_info_id` int(11) DEFAULT NULL,
  `place_id` int(11) DEFAULT NULL,
  `start_date` date DEFAULT NULL,
  `end_date` date DEFAULT NULL,
  `start_time` time DEFAULT NULL,
  `end_time` time DEFAULT NULL
) ENGINE=InnoDB DEFAULT CHARSET=utf8mb4 COLLATE=utf8mb4_general_ci;

--
-- Dumping data for table `event_place_order`
--

INSERT INTO `event_place_order` (`id`, `event_info_id`, `place_id`, `start_date`, `end_date`, `start_time`, `end_time`) VALUES
(6, 11, 3, '2024-05-08', '2024-05-09', '10:00:00', '12:00:00');

-- --------------------------------------------------------

--
-- Table structure for table `organizer`
--

CREATE TABLE `organizer` (
  `id` int(11) NOT NULL,
  `user_id` int(11) DEFAULT NULL
) ENGINE=InnoDB DEFAULT CHARSET=utf8mb4 COLLATE=utf8mb4_general_ci;

--
-- Dumping data for table `organizer`
--

INSERT INTO `organizer` (`id`, `user_id`) VALUES
(6, 20),
(8, 22),
(42, 51),
(76, 183),
(77, 186),
(78, 189),
(79, 192),
(80, 195),
(81, 198),
(82, 201),
(83, 204),
(84, 207),
(85, 210),
(86, 213),
(87, 216),
(88, 219),
(89, 222),
(90, 225),
(91, 228),
(92, 231),
(93, 234),
(94, 237),
(95, 240),
(96, 243),
(97, 246),
(98, 249),
(99, 253),
(100, 256),
(101, 259),
(102, 262),
(103, 265),
(104, 268),
(105, 271),
(106, 274),
(107, 277),
(108, 280),
(109, 283),
(110, 286),
(111, 289),
(112, 292),
(113, 295),
(114, 298),
(115, 301),
(116, 304),
(117, 307),
(118, 310),
(119, 313),
(120, 316),
(121, 319),
(122, 322),
(123, 325),
(124, 328),
(125, 331),
(126, 334),
(127, 337),
(128, 340),
(129, 343),
(130, 346),
(131, 349),
(132, 352),
(133, 355),
(134, 358),
(135, 361),
(136, 364),
(137, 367),
(138, 370),
(139, 373),
(140, 376),
(141, 379),
(142, 382),
(143, 385),
(144, 388),
(145, 391),
(146, 394),
(147, 397),
(148, 400),
(149, 403),
(150, 406),
(151, 409),
(152, 412),
(153, 415),
(154, 418),
(155, 421),
(156, 424),
(157, 427),
(158, 430),
(159, 433),
(160, 436),
(161, 439),
(162, 442),
(163, 445),
(164, 448),
(165, 451),
(166, 454),
(167, 457),
(168, 460),
(169, 463),
(170, 466),
(171, 469),
(172, 472),
(173, 475),
(174, 478),
(175, 481),
(176, 484),
(177, 487),
(178, 490),
(179, 493),
(180, 496),
(181, 499),
(182, 502),
(183, 505),
(184, 508),
(185, 511),
(186, 514),
(187, 517),
(188, 520),
(189, 523),
(190, 526),
(191, 529),
(192, 532),
(193, 535),
(194, 538),
(195, 541),
(196, 544),
(197, 547),
(198, 550),
(199, 553);

-- --------------------------------------------------------

--
-- Table structure for table `place`
--

CREATE TABLE `place` (
  `id` int(11) NOT NULL,
  `vendor_id` int(11) DEFAULT NULL,
  `name` varchar(255) DEFAULT NULL,
  `location` varchar(255) DEFAULT NULL,
  `capacity` int(11) DEFAULT NULL,
  `Price_per_hour` float DEFAULT NULL,
  `rate` float DEFAULT NULL
) ENGINE=InnoDB DEFAULT CHARSET=utf8mb4 COLLATE=utf8mb4_general_ci;

--
-- Dumping data for table `place`
--

INSERT INTO `place` (`id`, `vendor_id`, `name`, `location`, `capacity`, `Price_per_hour`, `rate`) VALUES
(3, 7, 'Aya', 'Nablus', 600, 1500, 5),
(4, 7, 'Oday', 'Nablus', 700, 1800, 3),
(5, 7, 'Rawand', 'Tulkarm', 3300, 1600, 2),
(7, 7, 'NewPP', 'Nablus', 800, 900, 3),
(8, 7, 'NewPP', 'Nablus', 800, 900, 3),
(9, 7, 'NewPP', 'Nablus', 800, 900, 3),
(10, 7, 'NewPP', 'Nablus', 800, 900, 3),
(11, 7, 'NewPP', 'Nablus', 800, 900, 3),
(12, 7, 'NewPP', 'Nablus', 800, 900, 3),
(13, 7, 'NewPP', 'Nablus', 800, 900, 3),
(14, 7, 'NewPP', 'Nablus', 800, 900, 3),
(15, 7, 'NewPP', 'Nablus', 800, 900, 3),
(16, 7, 'NewPP', 'Nablus', 800, 900, 3),
(17, 7, 'NewPP', 'Nablus', 800, 900, 3),
(18, 7, 'NewPP', 'Nablus', 800, 900, 3),
(19, 7, 'NewPP', 'Nablus', 800, 900, 3),
(20, 7, 'NewPP', 'Nablus', 800, 900, 3),
(21, 7, 'NewPP', 'Nablus', 800, 900, 3),
(22, 7, 'NewPP', 'Nablus', 800, 900, 3),
(23, 7, 'NewPP', 'Nablus', 800, 900, 3),
(24, 7, 'NewPP', 'Nablus', 800, 900, 3),
(25, 7, 'NewPP', 'Nablus', 800, 900, 3),
(26, 7, 'NewPP', 'Nablus', 800, 900, 3),
(27, 7, 'NewPP', 'Nablus', 800, 900, 3),
(28, 7, 'NewPP', 'Nablus', 800, 900, 3),
(29, 7, 'NewPP', 'Nablus', 800, 900, 3),
(30, 7, 'NewPP', 'Nablus', 800, 900, 3),
(31, 7, 'NewPP', 'Nablus', 800, 900, 3),
(32, 7, 'NewPP', 'Nablus', 800, 900, 3),
(33, 7, 'NewPP', 'Nablus', 800, 900, 3),
(34, 7, 'NewPP', 'Nablus', 800, 900, 3),
(35, 7, 'NewPP', 'Nablus', 800, 900, 3),
(36, 7, 'NewPP', 'Nablus', 800, 900, 3),
(37, 7, 'NewPP', 'Nablus', 800, 900, 3),
(38, 7, 'NewPP', 'Nablus', 800, 900, 3),
(39, 7, 'NewPP', 'Nablus', 800, 900, 3),
(40, 7, 'NewPP', 'Nablus', 800, 900, 3),
(41, 7, 'NewPP', 'Nablus', 800, 900, 3),
(42, 7, 'NewPP', 'Nablus', 800, 900, 3),
(43, 7, 'NewPP', 'Nablus', 800, 900, 3),
(44, 7, 'NewPP', 'Nablus', 800, 900, 3),
(45, 7, 'NewPP', 'Nablus', 800, 900, 3),
(46, 7, 'NewPP', 'Nablus', 800, 900, 3),
(47, 7, 'NewPP', 'Nablus', 800, 900, 3),
(48, 7, 'NewPP', 'Nablus', 800, 900, 3),
(49, 7, 'NewPP', 'Nablus', 800, 900, 3),
(50, 7, 'NewPP', 'Nablus', 800, 900, 3),
(51, 7, 'NewPP', 'Nablus', 800, 900, 3),
(52, 7, 'NewPP', 'Nablus', 800, 900, 3),
(53, 7, 'NewPP', 'Nablus', 800, 900, 3),
(54, 7, 'NewPP', 'Nablus', 800, 900, 3),
(55, 7, 'NewPP', 'Nablus', 800, 900, 3),
(56, 7, 'NewPP', 'Nablus', 800, 900, 3),
(57, 7, 'NewPP', 'Nablus', 800, 900, 3),
(58, 7, 'NewPP', 'Nablus', 800, 900, 3),
(59, 7, 'NewPP', 'Nablus', 800, 900, 3),
(60, 7, 'NewPP', 'Nablus', 800, 900, 3),
(61, 7, 'NewPP', 'Nablus', 800, 900, 3),
(62, 7, 'NewPP', 'Nablus', 800, 900, 3),
(63, 7, 'NewPP', 'Nablus', 800, 900, 3),
(64, 7, 'NewPP', 'Nablus', 800, 900, 3),
(65, 7, 'NewPP', 'Nablus', 800, 900, 3),
(66, 7, 'NewPP', 'Nablus', 800, 900, 3),
(67, 7, 'NewPP', 'Nablus', 800, 900, 3),
(68, 7, 'NewPP', 'Nablus', 800, 900, 3),
(69, 7, 'NewPP', 'Nablus', 800, 900, 3),
(70, 7, 'NewPP', 'Nablus', 800, 900, 3),
(71, 7, 'NewPP', 'Nablus', 800, 900, 3),
(72, 7, 'NewPP', 'Nablus', 800, 900, 3),
(73, 7, 'NewPP', 'Nablus', 800, 900, 3),
(74, 7, 'NewPP', 'Nablus', 800, 900, 3),
(75, 7, 'NewPP', 'Nablus', 800, 900, 3),
(76, 7, 'NewPP', 'Nablus', 800, 900, 3),
(77, 7, 'NewPP', 'Nablus', 800, 900, 3),
(78, 7, 'NewPP', 'Nablus', 800, 900, 3),
(79, 7, 'NewPP', 'Nablus', 800, 900, 3),
(80, 7, 'NewPP', 'Nablus', 800, 900, 3),
(81, 7, 'NewPP', 'Nablus', 800, 900, 3);

-- --------------------------------------------------------

--
-- Table structure for table `ticket`
--

CREATE TABLE `ticket` (
  `id` int(11) NOT NULL,
  `visits_order_id` int(11) DEFAULT NULL,
  `total_price` int(11) DEFAULT NULL
) ENGINE=InnoDB DEFAULT CHARSET=utf8mb4 COLLATE=utf8mb4_general_ci;

-- --------------------------------------------------------

--
-- Table structure for table `users`
--

CREATE TABLE `users` (
  `id` int(11) NOT NULL,
  `user_name` varchar(255) NOT NULL,
  `first_name` varchar(255) DEFAULT NULL,
  `last_name` varchar(255) DEFAULT NULL,
  `email` varchar(255) DEFAULT NULL,
  `password` varchar(255) NOT NULL,
  `image` varchar(1024) DEFAULT NULL,
  `token` int(11) DEFAULT NULL
) ENGINE=InnoDB DEFAULT CHARSET=utf8mb4 COLLATE=utf8mb4_general_ci;

--
-- Dumping data for table `users`
--

INSERT INTO `users` (`id`, `user_name`, `first_name`, `last_name`, `email`, `password`, `image`, `token`) VALUES
(1, 'Ahmad_11', 'Ahmad', 'Mohammad', 'Ahm1@example.com', 'Ahma12345', 'Asdsaddsac.jpg', 0),
(5, 'RR1', 'Ahmad', 'mohammad', 'Ahmad@gmail.com', 'ahmad12345', 'Ah', 0),
(14, 'Aya', 'Ahmad', 'mohammad', 'Ahmad@gmail.com', 'Aya11#*', 'Ah', 0),
(16, 'Oday', 'Ahmad', 'mohammad', 'Ahmad@gmail.com', 'Oday777', 'Ah', 0),
(20, 'Moh_1', 'Mohammad', 'Ali', 'Moh@gmail.com', 'moh12345', '12qa', 0),
(21, 'qq', 'ww', 'ss', 'ff@gmail.com', 'qq11111', 'ssssdddd', 0),
(22, 'ttt', 'jj', 'ddd', 'qqq@gmail.com', 'aaaa1111', 'ggffssaa', 0),
(23, 'Iiii', 'Aya', 'Aya', 'sfg@gmail.com', 'Aya11111', 'qwerwtewasd', 0),
(51, 'Rawand', 'Rawand', 'Aqel', 'Raw@gmail.com', 'Rawand123', 'sdfg', 0),
(182, 'jdoe', 'John', 'Doe', 'jdoe@example.com', 'p@ssw0rd1', 'avatar.jpg', NULL),
(183, 'asmith', 'Alice', 'Smith', 'asmith@example.com', 'p@ssword2', 'avatar2.jpg', NULL),
(185, 'jdoe', 'John', 'Doe', 'jdoe@example.com', 'p@ssw0rd1', 'avatar.jpg', NULL),
(186, 'asmith', 'Alice', 'Smith', 'asmith@example.com', 'p@ssword2', 'avatar2.jpg', NULL),
(187, 'bwayne', 'Bruce', 'Wayne', 'bwayne@example.com', 'password3', 'avatar3.jpg', NULL),
(188, 'jdoe', 'John', 'Doe', 'jdoe@example.com', 'p@ssw0rd1', 'avatar.jpg', NULL),
(189, 'asmith', 'Alice', 'Smith', 'asmith@example.com', 'p@ssword2', 'avatar2.jpg', NULL),
(190, 'bwayne', 'Bruce', 'Wayne', 'bwayne@example.com', 'password3', 'avatar3.jpg', NULL),
(191, 'jdoe', 'John', 'Doe', 'jdoe@example.com', 'p@ssw0rd1', 'avatar.jpg', NULL),
(192, 'asmith', 'Alice', 'Smith', 'asmith@example.com', 'p@ssword2', 'avatar2.jpg', NULL),
(193, 'bwayne', 'Bruce', 'Wayne', 'bwayne@example.com', 'password3', 'avatar3.jpg', NULL),
(194, 'jdoe', 'John', 'Doe', 'jdoe@example.com', 'p@ssw0rd1', 'avatar.jpg', NULL),
(195, 'asmith', 'Alice', 'Smith', 'asmith@example.com', 'p@ssword2', 'avatar2.jpg', NULL),
(196, 'bwayne', 'Bruce', 'Wayne', 'bwayne@example.com', 'password3', 'avatar3.jpg', NULL),
(197, 'jdoe', 'John', 'Doe', 'jdoe@example.com', 'p@ssw0rd1', 'avatar.jpg', NULL),
(198, 'asmith', 'Alice', 'Smith', 'asmith@example.com', 'p@ssword2', 'avatar2.jpg', NULL),
(199, 'bwayne', 'Bruce', 'Wayne', 'bwayne@example.com', 'password3', 'avatar3.jpg', NULL),
(200, 'jdoe', 'John', 'Doe', 'jdoe@example.com', 'p@ssw0rd1', 'avatar.jpg', NULL),
(201, 'asmith', 'Alice', 'Smith', 'asmith@example.com', 'p@ssword2', 'avatar2.jpg', NULL),
(202, 'bwayne', 'Bruce', 'Wayne', 'bwayne@example.com', 'password3', 'avatar3.jpg', NULL),
(203, 'jdoe', 'John', 'Doe', 'jdoe@example.com', 'p@ssw0rd1', 'avatar.jpg', NULL),
(204, 'asmith', 'Alice', 'Smith', 'asmith@example.com', 'p@ssword2', 'avatar2.jpg', NULL),
(205, 'bwayne', 'Bruce', 'Wayne', 'bwayne@example.com', 'password3', 'avatar3.jpg', NULL),
(206, 'jdoe', 'John', 'Doe', 'jdoe@example.com', 'p@ssw0rd1', 'avatar.jpg', NULL),
(207, 'asmith', 'Alice', 'Smith', 'asmith@example.com', 'p@ssword2', 'avatar2.jpg', NULL),
(208, 'bwayne', 'Bruce', 'Wayne', 'bwayne@example.com', 'password3', 'avatar3.jpg', NULL),
(209, 'jdoe', 'John', 'Doe', 'jdoe@example.com', 'p@ssw0rd1', 'avatar.jpg', NULL),
(210, 'asmith', 'Alice', 'Smith', 'asmith@example.com', 'p@ssword2', 'avatar2.jpg', NULL),
(211, 'bwayne', 'Bruce', 'Wayne', 'bwayne@example.com', 'password3', 'avatar3.jpg', NULL),
(212, 'jdoe', 'John', 'Doe', 'jdoe@example.com', 'p@ssw0rd1', 'avatar.jpg', NULL),
(213, 'asmith', 'Alice', 'Smith', 'asmith@example.com', 'p@ssword2', 'avatar2.jpg', NULL),
(214, 'bwayne', 'Bruce', 'Wayne', 'bwayne@example.com', 'password3', 'avatar3.jpg', NULL),
(215, 'jdoe', 'John', 'Doe', 'jdoe@example.com', 'p@ssw0rd1', 'avatar.jpg', NULL),
(216, 'asmith', 'Alice', 'Smith', 'asmith@example.com', 'p@ssword2', 'avatar2.jpg', NULL),
(217, 'bwayne', 'Bruce', 'Wayne', 'bwayne@example.com', 'password3', 'avatar3.jpg', NULL),
(218, 'jdoe', 'John', 'Doe', 'jdoe@example.com', 'p@ssw0rd1', 'avatar.jpg', NULL),
(219, 'asmith', 'Alice', 'Smith', 'asmith@example.com', 'p@ssword2', 'avatar2.jpg', NULL),
(220, 'bwayne', 'Bruce', 'Wayne', 'bwayne@example.com', 'password3', 'avatar3.jpg', NULL),
(221, 'jdoe', 'John', 'Doe', 'jdoe@example.com', 'p@ssw0rd1', 'avatar.jpg', NULL),
(222, 'asmith', 'Alice', 'Smith', 'asmith@example.com', 'p@ssword2', 'avatar2.jpg', NULL),
(223, 'bwayne', 'Bruce', 'Wayne', 'bwayne@example.com', 'password3', 'avatar3.jpg', NULL),
(224, 'jdoe', 'John', 'Doe', 'jdoe@example.com', 'p@ssw0rd1', 'avatar.jpg', NULL),
(225, 'asmith', 'Alice', 'Smith', 'asmith@example.com', 'p@ssword2', 'avatar2.jpg', NULL),
(226, 'bwayne', 'Bruce', 'Wayne', 'bwayne@example.com', 'password3', 'avatar3.jpg', NULL),
(227, 'jdoe', 'John', 'Doe', 'jdoe@example.com', 'p@ssw0rd1', 'avatar.jpg', NULL),
(228, 'asmith', 'Alice', 'Smith', 'asmith@example.com', 'p@ssword2', 'avatar2.jpg', NULL),
(229, 'bwayne', 'Bruce', 'Wayne', 'bwayne@example.com', 'password3', 'avatar3.jpg', NULL),
(230, 'jdoe', 'John', 'Doe', 'jdoe@example.com', 'p@ssw0rd1', 'avatar.jpg', NULL),
(231, 'asmith', 'Alice', 'Smith', 'asmith@example.com', 'p@ssword2', 'avatar2.jpg', NULL),
(232, 'bwayne', 'Bruce', 'Wayne', 'bwayne@example.com', 'password3', 'avatar3.jpg', NULL),
(233, 'jdoe', 'John', 'Doe', 'jdoe@example.com', 'p@ssw0rd1', 'avatar.jpg', NULL),
(234, 'asmith', 'Alice', 'Smith', 'asmith@example.com', 'p@ssword2', 'avatar2.jpg', NULL),
(235, 'bwayne', 'Bruce', 'Wayne', 'bwayne@example.com', 'password3', 'avatar3.jpg', NULL),
(236, 'jdoe', 'John', 'Doe', 'jdoe@example.com', 'p@ssw0rd1', 'avatar.jpg', NULL),
(237, 'asmith', 'Alice', 'Smith', 'asmith@example.com', 'p@ssword2', 'avatar2.jpg', NULL),
(238, 'bwayne', 'Bruce', 'Wayne', 'bwayne@example.com', 'password3', 'avatar3.jpg', NULL),
(239, 'jdoe', 'John', 'Doe', 'jdoe@example.com', 'p@ssw0rd1', 'avatar.jpg', NULL),
(240, 'asmith', 'Alice', 'Smith', 'asmith@example.com', 'p@ssword2', 'avatar2.jpg', NULL),
(241, 'bwayne', 'Bruce', 'Wayne', 'bwayne@example.com', 'password3', 'avatar3.jpg', NULL),
(242, 'jdoe', 'John', 'Doe', 'jdoe@example.com', 'p@ssw0rd1', 'avatar.jpg', NULL),
(243, 'asmith', 'Alice', 'Smith', 'asmith@example.com', 'p@ssword2', 'avatar2.jpg', NULL),
(244, 'bwayne', 'Bruce', 'Wayne', 'bwayne@example.com', 'password3', 'avatar3.jpg', NULL),
(245, 'jdoe', 'John', 'Doe', 'jdoe@example.com', 'p@ssw0rd1', 'avatar.jpg', NULL),
(246, 'asmith', 'Alice', 'Smith', 'asmith@example.com', 'p@ssword2', 'avatar2.jpg', NULL),
(247, 'bwayne', 'Bruce', 'Wayne', 'bwayne@example.com', 'password3', 'avatar3.jpg', NULL),
(248, 'jdoe', 'John', 'Doe', 'jdoe@example.com', 'p@ssw0rd1', 'avatar.jpg', NULL),
(249, 'asmith', 'Alice', 'Smith', 'asmith@example.com', 'p@ssword2', 'avatar2.jpg', NULL),
(250, 'bwayne', 'Bruce', 'Wayne', 'bwayne@example.com', 'password3', 'avatar3.jpg', NULL),
(251, 'ASAW', 'eqw', 'fdg', 'wergdf@gmail.com', 'werty', 'sfdg', NULL),
(252, 'jdoe', 'John', 'Doe', 'jdoe@example.com', 'p@ssw0rd1', 'avatar.jpg', NULL),
(253, 'asmith', 'Alice', 'Smith', 'asmith@example.com', 'p@ssword2', 'avatar2.jpg', NULL),
(254, 'bwayne', 'Bruce', 'Wayne', 'bwayne@example.com', 'password3', 'avatar3.jpg', NULL),
(255, 'jdoe', 'John', 'Doe', 'jdoe@example.com', 'p@ssw0rd1', 'avatar.jpg', NULL),
(256, 'asmith', 'Alice', 'Smith', 'asmith@example.com', 'p@ssword2', 'avatar2.jpg', NULL),
(257, 'bwayne', 'Bruce', 'Wayne', 'bwayne@example.com', 'password3', 'avatar3.jpg', NULL),
(258, 'jdoe', 'John', 'Doe', 'jdoe@example.com', 'p@ssw0rd1', 'avatar.jpg', NULL),
(259, 'asmith', 'Alice', 'Smith', 'asmith@example.com', 'p@ssword2', 'avatar2.jpg', NULL),
(260, 'bwayne', 'Bruce', 'Wayne', 'bwayne@example.com', 'password3', 'avatar3.jpg', NULL),
(261, 'jdoe', 'John', 'Doe', 'jdoe@example.com', 'p@ssw0rd1', 'avatar.jpg', NULL),
(262, 'asmith', 'Alice', 'Smith', 'asmith@example.com', 'p@ssword2', 'avatar2.jpg', NULL),
(263, 'bwayne', 'Bruce', 'Wayne', 'bwayne@example.com', 'password3', 'avatar3.jpg', NULL),
(264, 'jdoe', 'John', 'Doe', 'jdoe@example.com', 'p@ssw0rd1', 'avatar.jpg', NULL),
(265, 'asmith', 'Alice', 'Smith', 'asmith@example.com', 'p@ssword2', 'avatar2.jpg', NULL),
(266, 'bwayne', 'Bruce', 'Wayne', 'bwayne@example.com', 'password3', 'avatar3.jpg', NULL),
(267, 'jdoe', 'John', 'Doe', 'jdoe@example.com', 'p@ssw0rd1', 'avatar.jpg', NULL),
(268, 'asmith', 'Alice', 'Smith', 'asmith@example.com', 'p@ssword2', 'avatar2.jpg', NULL),
(269, 'bwayne', 'Bruce', 'Wayne', 'bwayne@example.com', 'password3', 'avatar3.jpg', NULL),
(270, 'jdoe', 'John', 'Doe', 'jdoe@example.com', 'p@ssw0rd1', 'avatar.jpg', NULL),
(271, 'asmith', 'Alice', 'Smith', 'asmith@example.com', 'p@ssword2', 'avatar2.jpg', NULL),
(272, 'bwayne', 'Bruce', 'Wayne', 'bwayne@example.com', 'password3', 'avatar3.jpg', NULL),
(273, 'jdoe', 'John', 'Doe', 'jdoe@example.com', 'p@ssw0rd1', 'avatar.jpg', NULL),
(274, 'asmith', 'Alice', 'Smith', 'asmith@example.com', 'p@ssword2', 'avatar2.jpg', NULL),
(275, 'bwayne', 'Bruce', 'Wayne', 'bwayne@example.com', 'password3', 'avatar3.jpg', NULL),
(276, 'jdoe', 'John', 'Doe', 'jdoe@example.com', 'p@ssw0rd1', 'avatar.jpg', NULL),
(277, 'asmith', 'Alice', 'Smith', 'asmith@example.com', 'p@ssword2', 'avatar2.jpg', NULL),
(278, 'bwayne', 'Bruce', 'Wayne', 'bwayne@example.com', 'password3', 'avatar3.jpg', NULL),
(279, 'jdoe', 'John', 'Doe', 'jdoe@example.com', 'p@ssw0rd1', 'avatar.jpg', NULL),
(280, 'asmith', 'Alice', 'Smith', 'asmith@example.com', 'p@ssword2', 'avatar2.jpg', NULL),
(281, 'bwayne', 'Bruce', 'Wayne', 'bwayne@example.com', 'password3', 'avatar3.jpg', NULL),
(282, 'jdoe', 'John', 'Doe', 'jdoe@example.com', 'p@ssw0rd1', 'avatar.jpg', NULL),
(283, 'asmith', 'Alice', 'Smith', 'asmith@example.com', 'p@ssword2', 'avatar2.jpg', NULL),
(284, 'bwayne', 'Bruce', 'Wayne', 'bwayne@example.com', 'password3', 'avatar3.jpg', NULL),
(285, 'jdoe', 'John', 'Doe', 'jdoe@example.com', 'p@ssw0rd1', 'avatar.jpg', NULL),
(286, 'asmith', 'Alice', 'Smith', 'asmith@example.com', 'p@ssword2', 'avatar2.jpg', NULL),
(287, 'bwayne', 'Bruce', 'Wayne', 'bwayne@example.com', 'password3', 'avatar3.jpg', NULL),
(288, 'jdoe', 'John', 'Doe', 'jdoe@example.com', 'p@ssw0rd1', 'avatar.jpg', NULL),
(289, 'asmith', 'Alice', 'Smith', 'asmith@example.com', 'p@ssword2', 'avatar2.jpg', NULL),
(290, 'bwayne', 'Bruce', 'Wayne', 'bwayne@example.com', 'password3', 'avatar3.jpg', NULL),
(291, 'jdoe', 'John', 'Doe', 'jdoe@example.com', 'p@ssw0rd1', 'avatar.jpg', NULL),
(292, 'asmith', 'Alice', 'Smith', 'asmith@example.com', 'p@ssword2', 'avatar2.jpg', NULL),
(293, 'bwayne', 'Bruce', 'Wayne', 'bwayne@example.com', 'password3', 'avatar3.jpg', NULL),
(294, 'jdoe', 'John', 'Doe', 'jdoe@example.com', 'p@ssw0rd1', 'avatar.jpg', NULL),
(295, 'asmith', 'Alice', 'Smith', 'asmith@example.com', 'p@ssword2', 'avatar2.jpg', NULL),
(296, 'bwayne', 'Bruce', 'Wayne', 'bwayne@example.com', 'password3', 'avatar3.jpg', NULL),
(297, 'jdoe', 'John', 'Doe', 'jdoe@example.com', 'p@ssw0rd1', 'avatar.jpg', NULL),
(298, 'asmith', 'Alice', 'Smith', 'asmith@example.com', 'p@ssword2', 'avatar2.jpg', NULL),
(299, 'bwayne', 'Bruce', 'Wayne', 'bwayne@example.com', 'password3', 'avatar3.jpg', NULL),
(300, 'jdoe', 'John', 'Doe', 'jdoe@example.com', 'p@ssw0rd1', 'avatar.jpg', NULL),
(301, 'asmith', 'Alice', 'Smith', 'asmith@example.com', 'p@ssword2', 'avatar2.jpg', NULL),
(302, 'bwayne', 'Bruce', 'Wayne', 'bwayne@example.com', 'password3', 'avatar3.jpg', NULL),
(303, 'jdoe', 'John', 'Doe', 'jdoe@example.com', 'p@ssw0rd1', 'avatar.jpg', NULL),
(304, 'asmith', 'Alice', 'Smith', 'asmith@example.com', 'p@ssword2', 'avatar2.jpg', NULL),
(305, 'bwayne', 'Bruce', 'Wayne', 'bwayne@example.com', 'password3', 'avatar3.jpg', NULL),
(306, 'jdoe', 'John', 'Doe', 'jdoe@example.com', 'p@ssw0rd1', 'avatar.jpg', NULL),
(307, 'asmith', 'Alice', 'Smith', 'asmith@example.com', 'p@ssword2', 'avatar2.jpg', NULL),
(308, 'bwayne', 'Bruce', 'Wayne', 'bwayne@example.com', 'password3', 'avatar3.jpg', NULL),
(309, 'jdoe', 'John', 'Doe', 'jdoe@example.com', 'p@ssw0rd1', 'avatar.jpg', NULL),
(310, 'asmith', 'Alice', 'Smith', 'asmith@example.com', 'p@ssword2', 'avatar2.jpg', NULL),
(311, 'bwayne', 'Bruce', 'Wayne', 'bwayne@example.com', 'password3', 'avatar3.jpg', NULL),
(312, 'jdoe', 'John', 'Doe', 'jdoe@example.com', 'p@ssw0rd1', 'avatar.jpg', NULL),
(313, 'asmith', 'Alice', 'Smith', 'asmith@example.com', 'p@ssword2', 'avatar2.jpg', NULL),
(314, 'bwayne', 'Bruce', 'Wayne', 'bwayne@example.com', 'password3', 'avatar3.jpg', NULL),
(315, 'jdoe', 'John', 'Doe', 'jdoe@example.com', 'p@ssw0rd1', 'avatar.jpg', NULL),
(316, 'asmith', 'Alice', 'Smith', 'asmith@example.com', 'p@ssword2', 'avatar2.jpg', NULL),
(317, 'bwayne', 'Bruce', 'Wayne', 'bwayne@example.com', 'password3', 'avatar3.jpg', NULL),
(318, 'jdoe', 'John', 'Doe', 'jdoe@example.com', 'p@ssw0rd1', 'avatar.jpg', NULL),
(319, 'asmith', 'Alice', 'Smith', 'asmith@example.com', 'p@ssword2', 'avatar2.jpg', NULL),
(320, 'bwayne', 'Bruce', 'Wayne', 'bwayne@example.com', 'password3', 'avatar3.jpg', NULL),
(321, 'jdoe', 'John', 'Doe', 'jdoe@example.com', 'p@ssw0rd1', 'avatar.jpg', NULL),
(322, 'asmith', 'Alice', 'Smith', 'asmith@example.com', 'p@ssword2', 'avatar2.jpg', NULL),
(323, 'bwayne', 'Bruce', 'Wayne', 'bwayne@example.com', 'password3', 'avatar3.jpg', NULL),
(324, 'jdoe', 'John', 'Doe', 'jdoe@example.com', 'p@ssw0rd1', 'avatar.jpg', NULL),
(325, 'asmith', 'Alice', 'Smith', 'asmith@example.com', 'p@ssword2', 'avatar2.jpg', NULL),
(326, 'bwayne', 'Bruce', 'Wayne', 'bwayne@example.com', 'password3', 'avatar3.jpg', NULL),
(327, 'jdoe', 'John', 'Doe', 'jdoe@example.com', 'p@ssw0rd1', 'avatar.jpg', NULL),
(328, 'asmith', 'Alice', 'Smith', 'asmith@example.com', 'p@ssword2', 'avatar2.jpg', NULL),
(329, 'bwayne', 'Bruce', 'Wayne', 'bwayne@example.com', 'password3', 'avatar3.jpg', NULL),
(330, 'jdoe', 'John', 'Doe', 'jdoe@example.com', 'p@ssw0rd1', 'avatar.jpg', NULL),
(331, 'asmith', 'Alice', 'Smith', 'asmith@example.com', 'p@ssword2', 'avatar2.jpg', NULL),
(332, 'bwayne', 'Bruce', 'Wayne', 'bwayne@example.com', 'password3', 'avatar3.jpg', NULL),
(333, 'jdoe', 'John', 'Doe', 'jdoe@example.com', 'p@ssw0rd1', 'avatar.jpg', NULL),
(334, 'asmith', 'Alice', 'Smith', 'asmith@example.com', 'p@ssword2', 'avatar2.jpg', NULL),
(335, 'bwayne', 'Bruce', 'Wayne', 'bwayne@example.com', 'password3', 'avatar3.jpg', NULL),
(336, 'jdoe', 'John', 'Doe', 'jdoe@example.com', 'p@ssw0rd1', 'avatar.jpg', NULL),
(337, 'asmith', 'Alice', 'Smith', 'asmith@example.com', 'p@ssword2', 'avatar2.jpg', NULL),
(338, 'bwayne', 'Bruce', 'Wayne', 'bwayne@example.com', 'password3', 'avatar3.jpg', NULL),
(339, 'jdoe', 'John', 'Doe', 'jdoe@example.com', 'p@ssw0rd1', 'avatar.jpg', NULL),
(340, 'asmith', 'Alice', 'Smith', 'asmith@example.com', 'p@ssword2', 'avatar2.jpg', NULL),
(341, 'bwayne', 'Bruce', 'Wayne', 'bwayne@example.com', 'password3', 'avatar3.jpg', NULL),
(342, 'jdoe', 'John', 'Doe', 'jdoe@example.com', 'p@ssw0rd1', 'avatar.jpg', NULL),
(343, 'asmith', 'Alice', 'Smith', 'asmith@example.com', 'p@ssword2', 'avatar2.jpg', NULL),
(344, 'bwayne', 'Bruce', 'Wayne', 'bwayne@example.com', 'password3', 'avatar3.jpg', NULL),
(345, 'jdoe', 'John', 'Doe', 'jdoe@example.com', 'p@ssw0rd1', 'avatar.jpg', NULL),
(346, 'asmith', 'Alice', 'Smith', 'asmith@example.com', 'p@ssword2', 'avatar2.jpg', NULL),
(347, 'bwayne', 'Bruce', 'Wayne', 'bwayne@example.com', 'password3', 'avatar3.jpg', NULL),
(348, 'jdoe', 'John', 'Doe', 'jdoe@example.com', 'p@ssw0rd1', 'avatar.jpg', NULL),
(349, 'asmith', 'Alice', 'Smith', 'asmith@example.com', 'p@ssword2', 'avatar2.jpg', NULL),
(350, 'bwayne', 'Bruce', 'Wayne', 'bwayne@example.com', 'password3', 'avatar3.jpg', NULL),
(351, 'jdoe', 'John', 'Doe', 'jdoe@example.com', 'p@ssw0rd1', 'avatar.jpg', NULL),
(352, 'asmith', 'Alice', 'Smith', 'asmith@example.com', 'p@ssword2', 'avatar2.jpg', NULL),
(353, 'bwayne', 'Bruce', 'Wayne', 'bwayne@example.com', 'password3', 'avatar3.jpg', NULL),
(354, 'jdoe', 'John', 'Doe', 'jdoe@example.com', 'p@ssw0rd1', 'avatar.jpg', NULL),
(355, 'asmith', 'Alice', 'Smith', 'asmith@example.com', 'p@ssword2', 'avatar2.jpg', NULL),
(356, 'bwayne', 'Bruce', 'Wayne', 'bwayne@example.com', 'password3', 'avatar3.jpg', NULL),
(357, 'jdoe', 'John', 'Doe', 'jdoe@example.com', 'p@ssw0rd1', 'avatar.jpg', NULL),
(358, 'asmith', 'Alice', 'Smith', 'asmith@example.com', 'p@ssword2', 'avatar2.jpg', NULL),
(359, 'bwayne', 'Bruce', 'Wayne', 'bwayne@example.com', 'password3', 'avatar3.jpg', NULL),
(360, 'jdoe', 'John', 'Doe', 'jdoe@example.com', 'p@ssw0rd1', 'avatar.jpg', NULL),
(361, 'asmith', 'Alice', 'Smith', 'asmith@example.com', 'p@ssword2', 'avatar2.jpg', NULL),
(362, 'bwayne', 'Bruce', 'Wayne', 'bwayne@example.com', 'password3', 'avatar3.jpg', NULL),
(363, 'jdoe', 'John', 'Doe', 'jdoe@example.com', 'p@ssw0rd1', 'avatar.jpg', NULL),
(364, 'asmith', 'Alice', 'Smith', 'asmith@example.com', 'p@ssword2', 'avatar2.jpg', NULL),
(365, 'bwayne', 'Bruce', 'Wayne', 'bwayne@example.com', 'password3', 'avatar3.jpg', NULL),
(366, 'jdoe', 'John', 'Doe', 'jdoe@example.com', 'p@ssw0rd1', 'avatar.jpg', NULL),
(367, 'asmith', 'Alice', 'Smith', 'asmith@example.com', 'p@ssword2', 'avatar2.jpg', NULL),
(368, 'bwayne', 'Bruce', 'Wayne', 'bwayne@example.com', 'password3', 'avatar3.jpg', NULL),
(369, 'jdoe', 'John', 'Doe', 'jdoe@example.com', 'p@ssw0rd1', 'avatar.jpg', NULL),
(370, 'asmith', 'Alice', 'Smith', 'asmith@example.com', 'p@ssword2', 'avatar2.jpg', NULL),
(371, 'bwayne', 'Bruce', 'Wayne', 'bwayne@example.com', 'password3', 'avatar3.jpg', NULL),
(372, 'jdoe', 'John', 'Doe', 'jdoe@example.com', 'p@ssw0rd1', 'avatar.jpg', NULL),
(373, 'asmith', 'Alice', 'Smith', 'asmith@example.com', 'p@ssword2', 'avatar2.jpg', NULL),
(374, 'bwayne', 'Bruce', 'Wayne', 'bwayne@example.com', 'password3', 'avatar3.jpg', NULL),
(375, 'jdoe', 'John', 'Doe', 'jdoe@example.com', 'p@ssw0rd1', 'avatar.jpg', NULL),
(376, 'asmith', 'Alice', 'Smith', 'asmith@example.com', 'p@ssword2', 'avatar2.jpg', NULL),
(377, 'bwayne', 'Bruce', 'Wayne', 'bwayne@example.com', 'password3', 'avatar3.jpg', NULL),
(378, 'jdoe', 'John', 'Doe', 'jdoe@example.com', 'p@ssw0rd1', 'avatar.jpg', NULL),
(379, 'asmith', 'Alice', 'Smith', 'asmith@example.com', 'p@ssword2', 'avatar2.jpg', NULL),
(380, 'bwayne', 'Bruce', 'Wayne', 'bwayne@example.com', 'password3', 'avatar3.jpg', NULL),
(381, 'jdoe', 'John', 'Doe', 'jdoe@example.com', 'p@ssw0rd1', 'avatar.jpg', NULL),
(382, 'asmith', 'Alice', 'Smith', 'asmith@example.com', 'p@ssword2', 'avatar2.jpg', NULL),
(383, 'bwayne', 'Bruce', 'Wayne', 'bwayne@example.com', 'password3', 'avatar3.jpg', NULL),
(384, 'jdoe', 'John', 'Doe', 'jdoe@example.com', 'p@ssw0rd1', 'avatar.jpg', NULL),
(385, 'asmith', 'Alice', 'Smith', 'asmith@example.com', 'p@ssword2', 'avatar2.jpg', NULL),
(386, 'bwayne', 'Bruce', 'Wayne', 'bwayne@example.com', 'password3', 'avatar3.jpg', NULL),
(387, 'jdoe', 'John', 'Doe', 'jdoe@example.com', 'p@ssw0rd1', 'avatar.jpg', NULL),
(388, 'asmith', 'Alice', 'Smith', 'asmith@example.com', 'p@ssword2', 'avatar2.jpg', NULL),
(389, 'bwayne', 'Bruce', 'Wayne', 'bwayne@example.com', 'password3', 'avatar3.jpg', NULL),
(390, 'jdoe', 'John', 'Doe', 'jdoe@example.com', 'p@ssw0rd1', 'avatar.jpg', NULL),
(391, 'asmith', 'Alice', 'Smith', 'asmith@example.com', 'p@ssword2', 'avatar2.jpg', NULL),
(392, 'bwayne', 'Bruce', 'Wayne', 'bwayne@example.com', 'password3', 'avatar3.jpg', NULL),
(393, 'jdoe', 'John', 'Doe', 'jdoe@example.com', 'p@ssw0rd1', 'avatar.jpg', NULL),
(394, 'asmith', 'Alice', 'Smith', 'asmith@example.com', 'p@ssword2', 'avatar2.jpg', NULL),
(395, 'bwayne', 'Bruce', 'Wayne', 'bwayne@example.com', 'password3', 'avatar3.jpg', NULL),
(396, 'jdoe', 'John', 'Doe', 'jdoe@example.com', 'p@ssw0rd1', 'avatar.jpg', NULL),
(397, 'asmith', 'Alice', 'Smith', 'asmith@example.com', 'p@ssword2', 'avatar2.jpg', NULL),
(398, 'bwayne', 'Bruce', 'Wayne', 'bwayne@example.com', 'password3', 'avatar3.jpg', NULL),
(399, 'jdoe', 'John', 'Doe', 'jdoe@example.com', 'p@ssw0rd1', 'avatar.jpg', NULL),
(400, 'asmith', 'Alice', 'Smith', 'asmith@example.com', 'p@ssword2', 'avatar2.jpg', NULL),
(401, 'bwayne', 'Bruce', 'Wayne', 'bwayne@example.com', 'password3', 'avatar3.jpg', NULL),
(402, 'jdoe', 'John', 'Doe', 'jdoe@example.com', 'p@ssw0rd1', 'avatar.jpg', NULL),
(403, 'asmith', 'Alice', 'Smith', 'asmith@example.com', 'p@ssword2', 'avatar2.jpg', NULL),
(404, 'bwayne', 'Bruce', 'Wayne', 'bwayne@example.com', 'password3', 'avatar3.jpg', NULL),
(405, 'jdoe', 'John', 'Doe', 'jdoe@example.com', 'p@ssw0rd1', 'avatar.jpg', NULL),
(406, 'asmith', 'Alice', 'Smith', 'asmith@example.com', 'p@ssword2', 'avatar2.jpg', NULL),
(407, 'bwayne', 'Bruce', 'Wayne', 'bwayne@example.com', 'password3', 'avatar3.jpg', NULL),
(408, 'jdoe', 'John', 'Doe', 'jdoe@example.com', 'p@ssw0rd1', 'avatar.jpg', NULL),
(409, 'asmith', 'Alice', 'Smith', 'asmith@example.com', 'p@ssword2', 'avatar2.jpg', NULL),
(410, 'bwayne', 'Bruce', 'Wayne', 'bwayne@example.com', 'password3', 'avatar3.jpg', NULL),
(411, 'jdoe', 'John', 'Doe', 'jdoe@example.com', 'p@ssw0rd1', 'avatar.jpg', NULL),
(412, 'asmith', 'Alice', 'Smith', 'asmith@example.com', 'p@ssword2', 'avatar2.jpg', NULL),
(413, 'bwayne', 'Bruce', 'Wayne', 'bwayne@example.com', 'password3', 'avatar3.jpg', NULL),
(414, 'jdoe', 'John', 'Doe', 'jdoe@example.com', 'p@ssw0rd1', 'avatar.jpg', NULL),
(415, 'asmith', 'Alice', 'Smith', 'asmith@example.com', 'p@ssword2', 'avatar2.jpg', NULL),
(416, 'bwayne', 'Bruce', 'Wayne', 'bwayne@example.com', 'password3', 'avatar3.jpg', NULL),
(417, 'jdoe', 'John', 'Doe', 'jdoe@example.com', 'p@ssw0rd1', 'avatar.jpg', NULL),
(418, 'asmith', 'Alice', 'Smith', 'asmith@example.com', 'p@ssword2', 'avatar2.jpg', NULL),
(419, 'bwayne', 'Bruce', 'Wayne', 'bwayne@example.com', 'password3', 'avatar3.jpg', NULL),
(420, 'jdoe', 'John', 'Doe', 'jdoe@example.com', 'p@ssw0rd1', 'avatar.jpg', NULL),
(421, 'asmith', 'Alice', 'Smith', 'asmith@example.com', 'p@ssword2', 'avatar2.jpg', NULL),
(422, 'bwayne', 'Bruce', 'Wayne', 'bwayne@example.com', 'password3', 'avatar3.jpg', NULL),
(423, 'jdoe', 'John', 'Doe', 'jdoe@example.com', 'p@ssw0rd1', 'avatar.jpg', NULL),
(424, 'asmith', 'Alice', 'Smith', 'asmith@example.com', 'p@ssword2', 'avatar2.jpg', NULL),
(425, 'bwayne', 'Bruce', 'Wayne', 'bwayne@example.com', 'password3', 'avatar3.jpg', NULL),
(426, 'jdoe', 'John', 'Doe', 'jdoe@example.com', 'p@ssw0rd1', 'avatar.jpg', NULL),
(427, 'asmith', 'Alice', 'Smith', 'asmith@example.com', 'p@ssword2', 'avatar2.jpg', NULL),
(428, 'bwayne', 'Bruce', 'Wayne', 'bwayne@example.com', 'password3', 'avatar3.jpg', NULL),
(429, 'jdoe', 'John', 'Doe', 'jdoe@example.com', 'p@ssw0rd1', 'avatar.jpg', NULL),
(430, 'asmith', 'Alice', 'Smith', 'asmith@example.com', 'p@ssword2', 'avatar2.jpg', NULL),
(431, 'bwayne', 'Bruce', 'Wayne', 'bwayne@example.com', 'password3', 'avatar3.jpg', NULL),
(432, 'jdoe', 'John', 'Doe', 'jdoe@example.com', 'p@ssw0rd1', 'avatar.jpg', NULL),
(433, 'asmith', 'Alice', 'Smith', 'asmith@example.com', 'p@ssword2', 'avatar2.jpg', NULL),
(434, 'bwayne', 'Bruce', 'Wayne', 'bwayne@example.com', 'password3', 'avatar3.jpg', NULL),
(435, 'jdoe', 'John', 'Doe', 'jdoe@example.com', 'p@ssw0rd1', 'avatar.jpg', NULL),
(436, 'asmith', 'Alice', 'Smith', 'asmith@example.com', 'p@ssword2', 'avatar2.jpg', NULL),
(437, 'bwayne', 'Bruce', 'Wayne', 'bwayne@example.com', 'password3', 'avatar3.jpg', NULL),
(438, 'jdoe', 'John', 'Doe', 'jdoe@example.com', 'p@ssw0rd1', 'avatar.jpg', NULL),
(439, 'asmith', 'Alice', 'Smith', 'asmith@example.com', 'p@ssword2', 'avatar2.jpg', NULL),
(440, 'bwayne', 'Bruce', 'Wayne', 'bwayne@example.com', 'password3', 'avatar3.jpg', NULL),
(441, 'jdoe', 'John', 'Doe', 'jdoe@example.com', 'p@ssw0rd1', 'avatar.jpg', NULL),
(442, 'asmith', 'Alice', 'Smith', 'asmith@example.com', 'p@ssword2', 'avatar2.jpg', NULL),
(443, 'bwayne', 'Bruce', 'Wayne', 'bwayne@example.com', 'password3', 'avatar3.jpg', NULL),
(444, 'jdoe', 'John', 'Doe', 'jdoe@example.com', 'p@ssw0rd1', 'avatar.jpg', NULL),
(445, 'asmith', 'Alice', 'Smith', 'asmith@example.com', 'p@ssword2', 'avatar2.jpg', NULL),
(446, 'bwayne', 'Bruce', 'Wayne', 'bwayne@example.com', 'password3', 'avatar3.jpg', NULL),
(447, 'jdoe', 'John', 'Doe', 'jdoe@example.com', 'p@ssw0rd1', 'avatar.jpg', NULL),
(448, 'asmith', 'Alice', 'Smith', 'asmith@example.com', 'p@ssword2', 'avatar2.jpg', NULL),
(449, 'bwayne', 'Bruce', 'Wayne', 'bwayne@example.com', 'password3', 'avatar3.jpg', NULL),
(450, 'jdoe', 'John', 'Doe', 'jdoe@example.com', 'p@ssw0rd1', 'avatar.jpg', NULL),
(451, 'asmith', 'Alice', 'Smith', 'asmith@example.com', 'p@ssword2', 'avatar2.jpg', NULL),
(452, 'bwayne', 'Bruce', 'Wayne', 'bwayne@example.com', 'password3', 'avatar3.jpg', NULL),
(453, 'jdoe', 'John', 'Doe', 'jdoe@example.com', 'p@ssw0rd1', 'avatar.jpg', NULL),
(454, 'asmith', 'Alice', 'Smith', 'asmith@example.com', 'p@ssword2', 'avatar2.jpg', NULL),
(455, 'bwayne', 'Bruce', 'Wayne', 'bwayne@example.com', 'password3', 'avatar3.jpg', NULL),
(456, 'jdoe', 'John', 'Doe', 'jdoe@example.com', 'p@ssw0rd1', 'avatar.jpg', NULL),
(457, 'asmith', 'Alice', 'Smith', 'asmith@example.com', 'p@ssword2', 'avatar2.jpg', NULL),
(458, 'bwayne', 'Bruce', 'Wayne', 'bwayne@example.com', 'password3', 'avatar3.jpg', NULL),
(459, 'jdoe', 'John', 'Doe', 'jdoe@example.com', 'p@ssw0rd1', 'avatar.jpg', NULL),
(460, 'asmith', 'Alice', 'Smith', 'asmith@example.com', 'p@ssword2', 'avatar2.jpg', NULL),
(461, 'bwayne', 'Bruce', 'Wayne', 'bwayne@example.com', 'password3', 'avatar3.jpg', NULL),
(462, 'jdoe', 'John', 'Doe', 'jdoe@example.com', 'p@ssw0rd1', 'avatar.jpg', NULL),
(463, 'asmith', 'Alice', 'Smith', 'asmith@example.com', 'p@ssword2', 'avatar2.jpg', NULL),
(464, 'bwayne', 'Bruce', 'Wayne', 'bwayne@example.com', 'password3', 'avatar3.jpg', NULL),
(465, 'jdoe', 'John', 'Doe', 'jdoe@example.com', 'p@ssw0rd1', 'avatar.jpg', NULL),
(466, 'asmith', 'Alice', 'Smith', 'asmith@example.com', 'p@ssword2', 'avatar2.jpg', NULL),
(467, 'bwayne', 'Bruce', 'Wayne', 'bwayne@example.com', 'password3', 'avatar3.jpg', NULL),
(468, 'jdoe', 'John', 'Doe', 'jdoe@example.com', 'p@ssw0rd1', 'avatar.jpg', NULL),
(469, 'asmith', 'Alice', 'Smith', 'asmith@example.com', 'p@ssword2', 'avatar2.jpg', NULL),
(470, 'bwayne', 'Bruce', 'Wayne', 'bwayne@example.com', 'password3', 'avatar3.jpg', NULL),
(471, 'jdoe', 'John', 'Doe', 'jdoe@example.com', 'p@ssw0rd1', 'avatar.jpg', NULL),
(472, 'asmith', 'Alice', 'Smith', 'asmith@example.com', 'p@ssword2', 'avatar2.jpg', NULL),
(473, 'bwayne', 'Bruce', 'Wayne', 'bwayne@example.com', 'password3', 'avatar3.jpg', NULL),
(474, 'jdoe', 'John', 'Doe', 'jdoe@example.com', 'p@ssw0rd1', 'avatar.jpg', NULL),
(475, 'asmith', 'Alice', 'Smith', 'asmith@example.com', 'p@ssword2', 'avatar2.jpg', NULL),
(476, 'bwayne', 'Bruce', 'Wayne', 'bwayne@example.com', 'password3', 'avatar3.jpg', NULL),
(477, 'jdoe', 'John', 'Doe', 'jdoe@example.com', 'p@ssw0rd1', 'avatar.jpg', NULL),
(478, 'asmith', 'Alice', 'Smith', 'asmith@example.com', 'p@ssword2', 'avatar2.jpg', NULL),
(479, 'bwayne', 'Bruce', 'Wayne', 'bwayne@example.com', 'password3', 'avatar3.jpg', NULL),
(480, 'jdoe', 'John', 'Doe', 'jdoe@example.com', 'p@ssw0rd1', 'avatar.jpg', NULL),
(481, 'asmith', 'Alice', 'Smith', 'asmith@example.com', 'p@ssword2', 'avatar2.jpg', NULL),
(482, 'bwayne', 'Bruce', 'Wayne', 'bwayne@example.com', 'password3', 'avatar3.jpg', NULL),
(483, 'jdoe', 'John', 'Doe', 'jdoe@example.com', 'p@ssw0rd1', 'avatar.jpg', NULL),
(484, 'asmith', 'Alice', 'Smith', 'asmith@example.com', 'p@ssword2', 'avatar2.jpg', NULL),
(485, 'bwayne', 'Bruce', 'Wayne', 'bwayne@example.com', 'password3', 'avatar3.jpg', NULL),
(486, 'jdoe', 'John', 'Doe', 'jdoe@example.com', 'p@ssw0rd1', 'avatar.jpg', NULL),
(487, 'asmith', 'Alice', 'Smith', 'asmith@example.com', 'p@ssword2', 'avatar2.jpg', NULL),
(488, 'bwayne', 'Bruce', 'Wayne', 'bwayne@example.com', 'password3', 'avatar3.jpg', NULL),
(489, 'jdoe', 'John', 'Doe', 'jdoe@example.com', 'p@ssw0rd1', 'avatar.jpg', NULL),
(490, 'asmith', 'Alice', 'Smith', 'asmith@example.com', 'p@ssword2', 'avatar2.jpg', NULL),
(491, 'bwayne', 'Bruce', 'Wayne', 'bwayne@example.com', 'password3', 'avatar3.jpg', NULL),
(492, 'jdoe', 'John', 'Doe', 'jdoe@example.com', 'p@ssw0rd1', 'avatar.jpg', NULL),
(493, 'asmith', 'Alice', 'Smith', 'asmith@example.com', 'p@ssword2', 'avatar2.jpg', NULL),
(494, 'bwayne', 'Bruce', 'Wayne', 'bwayne@example.com', 'password3', 'avatar3.jpg', NULL),
(495, 'jdoe', 'John', 'Doe', 'jdoe@example.com', 'p@ssw0rd1', 'avatar.jpg', NULL),
(496, 'asmith', 'Alice', 'Smith', 'asmith@example.com', 'p@ssword2', 'avatar2.jpg', NULL),
(497, 'bwayne', 'Bruce', 'Wayne', 'bwayne@example.com', 'password3', 'avatar3.jpg', NULL),
(498, 'jdoe', 'John', 'Doe', 'jdoe@example.com', 'p@ssw0rd1', 'avatar.jpg', NULL),
(499, 'asmith', 'Alice', 'Smith', 'asmith@example.com', 'p@ssword2', 'avatar2.jpg', NULL),
(500, 'bwayne', 'Bruce', 'Wayne', 'bwayne@example.com', 'password3', 'avatar3.jpg', NULL),
(501, 'jdoe', 'John', 'Doe', 'jdoe@example.com', 'p@ssw0rd1', 'avatar.jpg', NULL),
(502, 'asmith', 'Alice', 'Smith', 'asmith@example.com', 'p@ssword2', 'avatar2.jpg', NULL),
(503, 'bwayne', 'Bruce', 'Wayne', 'bwayne@example.com', 'password3', 'avatar3.jpg', NULL),
(504, 'jdoe', 'John', 'Doe', 'jdoe@example.com', 'p@ssw0rd1', 'avatar.jpg', NULL),
(505, 'asmith', 'Alice', 'Smith', 'asmith@example.com', 'p@ssword2', 'avatar2.jpg', NULL),
(506, 'bwayne', 'Bruce', 'Wayne', 'bwayne@example.com', 'password3', 'avatar3.jpg', NULL),
(507, 'jdoe', 'John', 'Doe', 'jdoe@example.com', 'p@ssw0rd1', 'avatar.jpg', NULL),
(508, 'asmith', 'Alice', 'Smith', 'asmith@example.com', 'p@ssword2', 'avatar2.jpg', NULL),
(509, 'bwayne', 'Bruce', 'Wayne', 'bwayne@example.com', 'password3', 'avatar3.jpg', NULL),
(510, 'jdoe', 'John', 'Doe', 'jdoe@example.com', 'p@ssw0rd1', 'avatar.jpg', NULL),
(511, 'asmith', 'Alice', 'Smith', 'asmith@example.com', 'p@ssword2', 'avatar2.jpg', NULL),
(512, 'bwayne', 'Bruce', 'Wayne', 'bwayne@example.com', 'password3', 'avatar3.jpg', NULL),
(513, 'jdoe', 'John', 'Doe', 'jdoe@example.com', 'p@ssw0rd1', 'avatar.jpg', NULL),
(514, 'asmith', 'Alice', 'Smith', 'asmith@example.com', 'p@ssword2', 'avatar2.jpg', NULL),
(515, 'bwayne', 'Bruce', 'Wayne', 'bwayne@example.com', 'password3', 'avatar3.jpg', NULL),
(516, 'jdoe', 'John', 'Doe', 'jdoe@example.com', 'p@ssw0rd1', 'avatar.jpg', NULL),
(517, 'asmith', 'Alice', 'Smith', 'asmith@example.com', 'p@ssword2', 'avatar2.jpg', NULL),
(518, 'bwayne', 'Bruce', 'Wayne', 'bwayne@example.com', 'password3', 'avatar3.jpg', NULL),
(519, 'jdoe', 'John', 'Doe', 'jdoe@example.com', 'p@ssw0rd1', 'avatar.jpg', NULL),
(520, 'asmith', 'Alice', 'Smith', 'asmith@example.com', 'p@ssword2', 'avatar2.jpg', NULL),
(521, 'bwayne', 'Bruce', 'Wayne', 'bwayne@example.com', 'password3', 'avatar3.jpg', NULL),
(522, 'jdoe', 'John', 'Doe', 'jdoe@example.com', 'p@ssw0rd1', 'avatar.jpg', NULL),
(523, 'asmith', 'Alice', 'Smith', 'asmith@example.com', 'p@ssword2', 'avatar2.jpg', NULL),
(524, 'bwayne', 'Bruce', 'Wayne', 'bwayne@example.com', 'password3', 'avatar3.jpg', NULL),
(525, 'jdoe', 'John', 'Doe', 'jdoe@example.com', 'p@ssw0rd1', 'avatar.jpg', NULL),
(526, 'asmith', 'Alice', 'Smith', 'asmith@example.com', 'p@ssword2', 'avatar2.jpg', NULL),
(527, 'bwayne', 'Bruce', 'Wayne', 'bwayne@example.com', 'password3', 'avatar3.jpg', NULL),
(528, 'jdoe', 'John', 'Doe', 'jdoe@example.com', 'p@ssw0rd1', 'avatar.jpg', NULL),
(529, 'asmith', 'Alice', 'Smith', 'asmith@example.com', 'p@ssword2', 'avatar2.jpg', NULL),
(530, 'bwayne', 'Bruce', 'Wayne', 'bwayne@example.com', 'password3', 'avatar3.jpg', NULL),
(531, 'jdoe', 'John', 'Doe', 'jdoe@example.com', 'p@ssw0rd1', 'avatar.jpg', NULL),
(532, 'asmith', 'Alice', 'Smith', 'asmith@example.com', 'p@ssword2', 'avatar2.jpg', NULL),
(533, 'bwayne', 'Bruce', 'Wayne', 'bwayne@example.com', 'password3', 'avatar3.jpg', NULL),
(534, 'jdoe', 'John', 'Doe', 'jdoe@example.com', 'p@ssw0rd1', 'avatar.jpg', NULL),
(535, 'asmith', 'Alice', 'Smith', 'asmith@example.com', 'p@ssword2', 'avatar2.jpg', NULL),
(536, 'bwayne', 'Bruce', 'Wayne', 'bwayne@example.com', 'password3', 'avatar3.jpg', NULL),
(537, 'jdoe', 'John', 'Doe', 'jdoe@example.com', 'p@ssw0rd1', 'avatar.jpg', NULL),
(538, 'asmith', 'Alice', 'Smith', 'asmith@example.com', 'p@ssword2', 'avatar2.jpg', NULL),
(539, 'bwayne', 'Bruce', 'Wayne', 'bwayne@example.com', 'password3', 'avatar3.jpg', NULL),
(540, 'jdoe', 'John', 'Doe', 'jdoe@example.com', 'p@ssw0rd1', 'avatar.jpg', NULL),
(541, 'asmith', 'Alice', 'Smith', 'asmith@example.com', 'p@ssword2', 'avatar2.jpg', NULL),
(542, 'bwayne', 'Bruce', 'Wayne', 'bwayne@example.com', 'password3', 'avatar3.jpg', NULL),
(543, 'jdoe', 'John', 'Doe', 'jdoe@example.com', 'p@ssw0rd1', 'avatar.jpg', NULL),
(544, 'asmith', 'Alice', 'Smith', 'asmith@example.com', 'p@ssword2', 'avatar2.jpg', NULL),
(545, 'bwayne', 'Bruce', 'Wayne', 'bwayne@example.com', 'password3', 'avatar3.jpg', NULL),
(546, 'jdoe', 'John', 'Doe', 'jdoe@example.com', 'p@ssw0rd1', 'avatar.jpg', NULL),
(547, 'asmith', 'Alice', 'Smith', 'asmith@example.com', 'p@ssword2', 'avatar2.jpg', NULL),
(548, 'bwayne', 'Bruce', 'Wayne', 'bwayne@example.com', 'password3', 'avatar3.jpg', NULL),
(549, 'jdoe', 'John', 'Doe', 'jdoe@example.com', 'p@ssw0rd1', 'avatar.jpg', NULL),
(550, 'asmith', 'Alice', 'Smith', 'asmith@example.com', 'p@ssword2', 'avatar2.jpg', NULL),
(551, 'bwayne', 'Bruce', 'Wayne', 'bwayne@example.com', 'password3', 'avatar3.jpg', NULL),
(552, 'jdoe', 'John', 'Doe', 'jdoe@example.com', 'p@ssw0rd1', 'avatar.jpg', NULL),
(553, 'asmith', 'Alice', 'Smith', 'asmith@example.com', 'p@ssword2', 'avatar2.jpg', NULL),
(554, 'bwayne', 'Bruce', 'Wayne', 'bwayne@example.com', 'password3', 'avatar3.jpg', NULL);

-- --------------------------------------------------------

--
-- Table structure for table `vendor`
--

CREATE TABLE `vendor` (
  `id` int(11) NOT NULL,
  `user_id` int(11) DEFAULT NULL
) ENGINE=InnoDB DEFAULT CHARSET=utf8mb4 COLLATE=utf8mb4_general_ci;

--
-- Dumping data for table `vendor`
--

INSERT INTO `vendor` (`id`, `user_id`) VALUES
(33, 1),
(7, 14),
(50, 182),
(51, 185),
(52, 188),
(53, 191),
(54, 194),
(55, 197),
(56, 200),
(57, 203),
(58, 206),
(59, 209),
(60, 212),
(61, 215),
(62, 218),
(63, 221),
(64, 224),
(65, 227),
(66, 230),
(67, 233),
(68, 236),
(69, 239),
(70, 242),
(71, 245),
(72, 248),
(73, 251),
(74, 252),
(75, 255),
(76, 258),
(77, 261),
(78, 264),
(79, 267),
(80, 270),
(81, 273),
(82, 276),
(83, 279),
(84, 282),
(85, 285),
(86, 288),
(87, 291),
(88, 294),
(89, 297),
(90, 300),
(91, 303),
(92, 306),
(93, 309),
(94, 312),
(95, 315),
(96, 318),
(97, 321),
(98, 324),
(99, 327),
(100, 330),
(101, 333),
(102, 336),
(103, 339),
(104, 342),
(105, 345),
(106, 348),
(107, 351),
(108, 354),
(109, 357),
(110, 360),
(111, 363),
(112, 366),
(113, 369),
(114, 372),
(115, 375),
(116, 378),
(117, 381),
(118, 384),
(119, 387),
(120, 390),
(121, 393),
(122, 396),
(123, 399),
(124, 402),
(125, 405),
(126, 408),
(127, 411),
(128, 414),
(129, 417),
(130, 420),
(131, 423),
(132, 426),
(133, 429),
(134, 432),
(135, 435),
(136, 438),
(137, 441),
(138, 444),
(139, 447),
(140, 450),
(141, 453),
(142, 456),
(143, 459),
(144, 462),
(145, 465),
(146, 468),
(147, 471),
(148, 474),
(149, 477),
(150, 480),
(151, 483),
(152, 486),
(153, 489),
(154, 492),
(155, 495),
(156, 498),
(157, 501),
(158, 504),
(159, 507),
(160, 510),
(161, 513),
(162, 516),
(163, 519),
(164, 522),
(165, 525),
(166, 528),
(167, 531),
(168, 534),
(169, 537),
(170, 540),
(171, 543),
(172, 546),
(173, 549),
(174, 552);

-- --------------------------------------------------------

--
-- Table structure for table `visitor`
--

CREATE TABLE `visitor` (
  `id` int(11) NOT NULL,
  `user_id` int(11) DEFAULT NULL
) ENGINE=InnoDB DEFAULT CHARSET=utf8mb4 COLLATE=utf8mb4_general_ci;

--
-- Dumping data for table `visitor`
--

INSERT INTO `visitor` (`id`, `user_id`) VALUES
(1, 16),
(3, 21),
(5, 22),
(40, 187),
(41, 190),
(42, 193),
(43, 196),
(44, 199),
(45, 202),
(46, 205),
(47, 208),
(48, 211),
(49, 214),
(50, 217),
(51, 220),
(52, 223),
(53, 226),
(54, 229),
(55, 232),
(56, 235),
(57, 238),
(58, 241),
(59, 244),
(60, 247),
(61, 250),
(62, 254),
(63, 257),
(64, 260),
(65, 263),
(66, 266),
(67, 269),
(68, 272),
(69, 275),
(70, 278),
(71, 281),
(72, 284),
(73, 287),
(74, 290),
(75, 293),
(76, 296),
(77, 299),
(78, 302),
(79, 305),
(80, 308),
(81, 311),
(82, 314),
(83, 317),
(84, 320),
(85, 323),
(86, 326),
(87, 329),
(88, 332),
(89, 335),
(90, 338),
(91, 341),
(92, 344),
(93, 347),
(94, 350),
(95, 353),
(96, 356),
(97, 359),
(98, 362),
(99, 365),
(100, 368),
(101, 371),
(102, 374),
(103, 377),
(104, 380),
(105, 383),
(106, 386),
(107, 389),
(108, 392),
(109, 395),
(110, 398),
(111, 401),
(112, 404),
(113, 407),
(114, 410),
(115, 413),
(116, 416),
(117, 419),
(118, 422),
(119, 425),
(120, 428),
(121, 431),
(122, 434),
(123, 437),
(124, 440),
(125, 443),
(126, 446),
(127, 449),
(128, 452),
(129, 455),
(130, 458),
(131, 461),
(132, 464),
(133, 467),
(134, 470),
(135, 473),
(136, 476),
(137, 479),
(138, 482),
(139, 485),
(140, 488),
(141, 491),
(142, 494),
(143, 497),
(144, 500),
(145, 503),
(146, 506),
(147, 509),
(148, 512),
(149, 515),
(150, 518),
(151, 521),
(152, 524),
(153, 527),
(154, 530),
(155, 533),
(156, 536),
(157, 539),
(158, 542),
(159, 545),
(160, 548),
(161, 551),
(162, 554);

-- --------------------------------------------------------

--
-- Table structure for table `visits_order`
--

CREATE TABLE `visits_order` (
  `id` int(11) NOT NULL,
  `visitor_id` int(11) DEFAULT NULL,
  `event_info_id` int(11) DEFAULT NULL,
  `no_persons` int(11) DEFAULT NULL,
  `VIP` int(11) DEFAULT NULL
) ENGINE=InnoDB DEFAULT CHARSET=utf8mb4 COLLATE=utf8mb4_general_ci;

--
-- Dumping data for table `visits_order`
--

INSERT INTO `visits_order` (`id`, `visitor_id`, `event_info_id`, `no_persons`, `VIP`) VALUES
(8, 1, 11, 4, 1),
(9, 1, 11, 4, 1),
(10, 1, 11, 4, 1),
(11, 1, 11, 4, 1),
(12, 1, 11, 4, 1),
(13, 1, 11, 4, 1),
(14, 1, 11, 4, 1),
(15, 1, 11, 4, 1),
(16, 1, 11, 4, 1),
(17, 1, 11, 4, 1),
(18, 1, 11, 4, 1),
(19, 1, 11, 4, 1),
(20, 1, 11, 4, 1),
(21, 1, 11, 4, 1),
(22, 1, 11, 4, 1),
(23, 1, 11, 4, 1),
(24, 1, 11, 4, 1),
(25, 1, 11, 4, 1),
(26, 1, 11, 4, 1),
(27, 1, 11, 4, 1),
(28, 1, 11, 4, 1),
(29, 1, 11, 4, 1),
(30, 1, 11, 4, 1),
(31, 1, 11, 4, 1),
(32, 1, 11, 4, 1),
(33, 1, 11, 4, 1),
(34, 1, 11, 4, 1),
(35, 1, 11, 4, 1),
(36, 1, 11, 4, 1);

--
-- Indexes for dumped tables
--

--
-- Indexes for table `event_category`
--
ALTER TABLE `event_category`
  ADD PRIMARY KEY (`id`);

--
-- Indexes for table `event_info`
--
ALTER TABLE `event_info`
  ADD PRIMARY KEY (`id`),
  ADD KEY `organizer_id` (`organizer_id`),
  ADD KEY `event_category_id` (`event_category_id`);

--
-- Indexes for table `event_meta`
--
ALTER TABLE `event_meta`
  ADD PRIMARY KEY (`id`),
  ADD KEY `event_info_id` (`event_info_id`);

--
-- Indexes for table `event_place_order`
--
ALTER TABLE `event_place_order`
  ADD PRIMARY KEY (`id`),
  ADD KEY `event_info_id` (`event_info_id`),
  ADD KEY `place_id` (`place_id`);

--
-- Indexes for table `organizer`
--
ALTER TABLE `organizer`
  ADD PRIMARY KEY (`id`),
  ADD KEY `user_id` (`user_id`);

--
-- Indexes for table `place`
--
ALTER TABLE `place`
  ADD PRIMARY KEY (`id`),
  ADD KEY `vendor_id` (`vendor_id`);

--
-- Indexes for table `ticket`
--
ALTER TABLE `ticket`
  ADD PRIMARY KEY (`id`),
  ADD KEY `visits_order_id` (`visits_order_id`);

--
-- Indexes for table `users`
--
ALTER TABLE `users`
  ADD PRIMARY KEY (`id`);

--
-- Indexes for table `vendor`
--
ALTER TABLE `vendor`
  ADD PRIMARY KEY (`id`),
  ADD KEY `user_id` (`user_id`);

--
-- Indexes for table `visitor`
--
ALTER TABLE `visitor`
  ADD PRIMARY KEY (`id`),
  ADD KEY `user_id` (`user_id`);

--
-- Indexes for table `visits_order`
--
ALTER TABLE `visits_order`
  ADD PRIMARY KEY (`id`),
  ADD KEY `visitor_id` (`visitor_id`),
  ADD KEY `event_info_id` (`event_info_id`);

--
-- AUTO_INCREMENT for dumped tables
--

--
-- AUTO_INCREMENT for table `event_category`
--
ALTER TABLE `event_category`
  MODIFY `id` int(11) NOT NULL AUTO_INCREMENT, AUTO_INCREMENT=3;

--
-- AUTO_INCREMENT for table `event_info`
--
ALTER TABLE `event_info`
  MODIFY `id` int(11) NOT NULL AUTO_INCREMENT, AUTO_INCREMENT=60;

--
-- AUTO_INCREMENT for table `event_meta`
--
ALTER TABLE `event_meta`
  MODIFY `id` int(11) NOT NULL AUTO_INCREMENT, AUTO_INCREMENT=41;

--
-- AUTO_INCREMENT for table `event_place_order`
--
ALTER TABLE `event_place_order`
  MODIFY `id` int(11) NOT NULL AUTO_INCREMENT, AUTO_INCREMENT=7;

--
-- AUTO_INCREMENT for table `organizer`
--
ALTER TABLE `organizer`
  MODIFY `id` int(11) NOT NULL AUTO_INCREMENT, AUTO_INCREMENT=200;

--
-- AUTO_INCREMENT for table `place`
--
ALTER TABLE `place`
  MODIFY `id` int(11) NOT NULL AUTO_INCREMENT, AUTO_INCREMENT=82;

--
-- AUTO_INCREMENT for table `ticket`
--
ALTER TABLE `ticket`
  MODIFY `id` int(11) NOT NULL AUTO_INCREMENT;

--
-- AUTO_INCREMENT for table `users`
--
ALTER TABLE `users`
  MODIFY `id` int(11) NOT NULL AUTO_INCREMENT, AUTO_INCREMENT=555;

--
-- AUTO_INCREMENT for table `vendor`
--
ALTER TABLE `vendor`
  MODIFY `id` int(11) NOT NULL AUTO_INCREMENT, AUTO_INCREMENT=175;

--
-- AUTO_INCREMENT for table `visitor`
--
ALTER TABLE `visitor`
  MODIFY `id` int(11) NOT NULL AUTO_INCREMENT, AUTO_INCREMENT=163;

--
-- AUTO_INCREMENT for table `visits_order`
--
ALTER TABLE `visits_order`
  MODIFY `id` int(11) NOT NULL AUTO_INCREMENT, AUTO_INCREMENT=37;

--
-- Constraints for dumped tables
--

--
-- Constraints for table `event_info`
--
ALTER TABLE `event_info`
  ADD CONSTRAINT `event_info_ibfk_1` FOREIGN KEY (`organizer_id`) REFERENCES `organizer` (`id`) ON DELETE CASCADE,
  ADD CONSTRAINT `event_info_ibfk_2` FOREIGN KEY (`event_category_id`) REFERENCES `event_category` (`id`) ON DELETE CASCADE;

--
-- Constraints for table `event_meta`
--
ALTER TABLE `event_meta`
  ADD CONSTRAINT `event_meta_ibfk_1` FOREIGN KEY (`event_info_id`) REFERENCES `event_info` (`id`) ON DELETE CASCADE;

--
-- Constraints for table `event_place_order`
--
ALTER TABLE `event_place_order`
  ADD CONSTRAINT `event_place_order_ibfk_1` FOREIGN KEY (`event_info_id`) REFERENCES `event_info` (`id`) ON DELETE CASCADE,
  ADD CONSTRAINT `event_place_order_ibfk_2` FOREIGN KEY (`place_id`) REFERENCES `place` (`id`) ON DELETE CASCADE;

--
-- Constraints for table `organizer`
--
ALTER TABLE `organizer`
  ADD CONSTRAINT `organizer_ibfk_1` FOREIGN KEY (`user_id`) REFERENCES `users` (`id`) ON DELETE CASCADE;

--
-- Constraints for table `place`
--
ALTER TABLE `place`
  ADD CONSTRAINT `place_ibfk_1` FOREIGN KEY (`vendor_id`) REFERENCES `vendor` (`id`) ON DELETE CASCADE;

--
-- Constraints for table `ticket`
--
ALTER TABLE `ticket`
  ADD CONSTRAINT `ticket_ibfk_1` FOREIGN KEY (`visits_order_id`) REFERENCES `visits_order` (`id`) ON DELETE CASCADE;

--
-- Constraints for table `vendor`
--
ALTER TABLE `vendor`
  ADD CONSTRAINT `vendor_ibfk_1` FOREIGN KEY (`user_id`) REFERENCES `users` (`id`) ON DELETE CASCADE;

--
-- Constraints for table `visitor`
--
ALTER TABLE `visitor`
  ADD CONSTRAINT `visitor_ibfk_1` FOREIGN KEY (`user_id`) REFERENCES `users` (`id`) ON DELETE CASCADE;

--
-- Constraints for table `visits_order`
--
ALTER TABLE `visits_order`
  ADD CONSTRAINT `visits_order_ibfk_1` FOREIGN KEY (`visitor_id`) REFERENCES `visitor` (`id`) ON DELETE CASCADE,
  ADD CONSTRAINT `visits_order_ibfk_2` FOREIGN KEY (`event_info_id`) REFERENCES `event_info` (`id`) ON DELETE CASCADE;
COMMIT;

/*!40101 SET CHARACTER_SET_CLIENT=@OLD_CHARACTER_SET_CLIENT */;
/*!40101 SET CHARACTER_SET_RESULTS=@OLD_CHARACTER_SET_RESULTS */;
/*!40101 SET COLLATION_CONNECTION=@OLD_COLLATION_CONNECTION */;
